17,34,51,68,85,102,119,136,153,170,187,204,221,238,255
7,34,51,68,85,102,119,136,153,170,187,204,221,238,255
,34,51,68,85,102,119,136,153,170,187,204,221,238,255
34,51,68,85,102,119,136,153,170,187,204,221,238,255
4,51,68,85,102,119,136,153,170,187,204,221,238,255
,51,68,85,102,119,136,153,170,187,204,221,238,255
51,68,85,102,119,136,153,170,187,204,221,238,255
1,68,85,102,119,136,153,170,187,204,221,238,255
,68,85,102,119,136,153,170,187,204,221,238,255
68,85,102,119,136,153,170,187,204,221,238,255
8,85,102,119,136,153,170,187,204,221,238,255
,85,102,119,136,153,170,187,204,221,238,255
85,102,119,136,153,170,187,204,221,238,255
5,102,119,136,153,170,187,204,221,238,255
,102,119,136,153,170,187,204,221,238,255
102,119,136,153,170,187,204,221,238,255
02,119,136,153,170,187,204,221,238,255
2,119,136,153,170,187,204,221,238,255
,119,136,153,170,187,204,221,238,255
119,136,153,170,187,204,221,238,255
19,136,153,170,187,204,221,238,255
9,136,153,170,187,204,221,238,255
,136,153,170,187,204,221,238,255
136,153,170,187,204,221,238,255
36,153,170,187,204,221,238,255
6,153,170,187,204,221,238,255
,153,170,187,204,221,238,255
153,170,187,204,221,238,255
53,170,187,204,221,238,255
3,170,187,204,221,238,255
,170,187,204,221,238,255
170,187,204,221,238,255
70,187,204,221,238,255
0,187,204,221,238,255
,187,204,221,238,255
187,204,221,238,255
87,204,221,238,255
7,204,221,238,255
,204,221,238,255
204,221,238,255
04,221,238,255
4,221,238,255
,221,238,255
221,238,255
21,238,255
1,238,255
,238,255
238,255
38,255
8,255
,255
255
55
5